{
  "project_info": {
    "project_number": "387795926433",
    "firebase_url": "https://hackathon-app-27bb6.firebaseio.com",
    "project_id": "hackathon-app-27bb6",
    "storage_bucket": "hackathon-app-27bb6.appspot.com"
  },
  "client": [
    {
      "client_info": {
        "mobilesdk_app_id": "1:387795926433:android:26d85707d3555ca0",
        "android_client_info": {
          "package_name": "com.allandroidprojects.ecomsample"
        }
      },
      "oauth_client": [
        {
          "client_id": "387795926433-sh7pmicktd4jb0h6ui1nnu5s1b1747n0.apps.googleusercontent.com",
          "client_type": 1,
          "android_info": {
            "package_name": "com.allandroidprojects.ecomsample",
            "certificate_hash": "c27c520e97f30575456e9c449bc407455ab5bed0"
          }
        },
        {
          "client_id": "387795926433-260tggkjadb0mkrvejq210ucr5ij5oa6.apps.googleusercontent.com",
          "client_type": 3
        }
      ],
      "api_key": [
        {
          "current_key": "AIzaSyBnQHiqmtfxkQN4Spcv_f-g6gI7PXfrmJc"
        }
      ],
      "services": {
        "analytics_service": {
          "status": 1
        },
        "appinvite_service": {
          "status": 2,
          "other_platform_oauth_client": [
            {
              "client_id": "387795926433-260tggkjadb0mkrvejq210ucr5ij5oa6.apps.googleusercontent.com",
              "client_type": 3
            }
          ]
        },
        "ads_service": {
          "status": 2
        }
      }
    },
    {
      "client_info": {
        "mobilesdk_app_id": "1:387795926433:android:6038722d542fad25",
        "android_client_info": {
          "package_name": "com.allandroidprojects.ecomsample.startup"
        }
      },
      "oauth_client": [
        {
          "client_id": "387795926433-260tggkjadb0mkrvejq210ucr5ij5oa6.apps.googleusercontent.com",
          "client_type": 3
        }
      ],
      "api_key": [
        {
          "current_key": "AIzaSyBnQHiqmtfxkQN4Spcv_f-g6gI7PXfrmJc"
        }
      ],
      "services": {
        "analytics_service": {
          "status": 1
        },
        "appinvite_service": {
          "status": 1,
          "other_platform_oauth_client": []
        },
        "ads_service": {
          "status": 2
        }
      }
    },
    {
      "client_info": {
        "mobilesdk_app_id": "1:387795926433:android:c0eba18448e6a2b3",
        "android_client_info": {
          "package_name": "com.example.mjolnir.hackathonapp"
        }
      },
      "oauth_client": [
        {
          "client_id": "387795926433-e6gu9c3epvk8i89uhlvlvha337qj78bp.apps.googleusercontent.com",
          "client_type": 1,
          "android_info": {
            "package_name": "com.example.mjolnir.hackathonapp",
            "certificate_hash": "c27c520e97f30575456e9c449bc407455ab5bed0"
          }
        },
        {
          "client_id": "387795926433-260tggkjadb0mkrvejq210ucr5ij5oa6.apps.googleusercontent.com",
          "client_type": 3
        }
      ],
      "api_key": [
        {
          "current_key": "AIzaSyBnQHiqmtfxkQN4Spcv_f-g6gI7PXfrmJc"
        }
      ],
      "services": {
        "analytics_service": {
          "status": 1
        },
        "appinvite_service": {
          "status": 2,
          "other_platform_oauth_client": [
            {
              "client_id": "387795926433-260tggkjadb0mkrvejq210ucr5ij5oa6.apps.googleusercontent.com",
              "client_type": 3
            }
          ]
        },
        "ads_service": {
          "status": 2
        }
      }
    }
  ],
  "configuration_version": "1"
}